method,path,operation_id,platform,module,declared_status_codes,response_profile
get,/api/v1/bilibili/app/fetch_bangumi_tab,fetch_bangumi_tab_api_v1_bilibili_app_fetch_bangumi_tab_get,bilibili,app,200,RESPONSE_MODEL
get,/api/v1/bilibili/app/fetch_cinema_tab,fetch_cinema_tab_api_v1_bilibili_app_fetch_cinema_tab_get,bilibili,app,200,RESPONSE_MODEL
get,/api/v1/bilibili/web/fetch_all_live_areas,fetch_collect_folders_api_v1_bilibili_web_fetch_all_live_areas_get,bilibili,web,200,RESPONSE_MODEL
get,/api/v1/demo/demo/cache_status,view_cache_status_api_v1_demo_demo_cache_status_get,demo,demo,200,RESPONSE_MODEL
get,/api/v1/demo/douyin/app/fetch_one_video,douyin_app_fetch_one_video_api_v1_demo_douyin_app_fetch_one_video_get,demo,douyin,200,RESPONSE_MODEL
get,/api/v1/demo/douyin/web/fetch_one_video,douyin_web_fetchone_video_demo_api_v1_demo_douyin_web_fetch_one_video_get,demo,douyin,200,RESPONSE_MODEL
get,/api/v1/demo/douyin_search/app/general_search,douyin_search_general_demo_api_v1_demo_douyin_search_app_general_search_get,demo,douyin_search,200,RESPONSE_MODEL
get,/api/v1/demo/instagram/web/fetch_user_info,instagram_web_fetch_user_info_api_v1_demo_instagram_web_fetch_user_info_get,demo,instagram,200,RESPONSE_MODEL
get,/api/v1/demo/kuaishou/web/fetch_one_video,kuaishou_web_fetch_one_video_api_v1_demo_kuaishou_web_fetch_one_video_get,demo,kuaishou,200,RESPONSE_MODEL
get,/api/v1/demo/tiktok/app/fetch_one_video,tiktok_app_fetch_one_video_api_v1_demo_tiktok_app_fetch_one_video_get,demo,tiktok,200,RESPONSE_MODEL
get,/api/v1/demo/tiktok/web/fetch_user_profile,tiktok_web_fetch_user_profile_api_v1_demo_tiktok_web_fetch_user_profile_get,demo,tiktok,200,RESPONSE_MODEL
get,/api/v1/demo/wechat/article_extract,wechat_article_extract_api_v1_demo_wechat_article_extract_get,demo,wechat,200,RESPONSE_MODEL
get,/api/v1/douyin/app/v3/fetch_brand_hot_search_list,fetch_hot_brand_search_category_api_v1_douyin_app_v3_fetch_brand_hot_search_list_get,douyin,app,200,RESPONSE_MODEL
get,/api/v1/douyin/app/v3/fetch_live_hot_search_list,fetch_live_hot_search_list_api_v1_douyin_app_v3_fetch_live_hot_search_list_get,douyin,app,200,RESPONSE_MODEL
get,/api/v1/douyin/billboard/fetch_city_list,fetch_city_list_api_v1_douyin_billboard_fetch_city_list_get,douyin,billboard,200,RESPONSE_MODEL
get,/api/v1/douyin/billboard/fetch_content_tag,fetch_content_tag_api_v1_douyin_billboard_fetch_content_tag_get,douyin,billboard,200,RESPONSE_MODEL
get,/api/v1/douyin/creator/fetch_creator_content_category,fetch_creator_content_category_api_v1_douyin_creator_fetch_creator_content_category_get,douyin,creator,200,RESPONSE_MODEL
get,/api/v1/douyin/creator/fetch_creator_hot_challenge_billboard,fetch_creator_hot_challenge_billboard_api_v1_douyin_creator_fetch_creator_hot_challenge_billboard_get,douyin,creator,200,RESPONSE_MODEL
get,/api/v1/douyin/creator/fetch_creator_material_center_config,fetch_creator_material_center_config_api_v1_douyin_creator_fetch_creator_material_center_config_get,douyin,creator,200,RESPONSE_MODEL
get,/api/v1/douyin/creator/fetch_industry_category_config,fetch_industry_category_config_api_v1_douyin_creator_fetch_industry_category_config_get,douyin,creator,200,RESPONSE_MODEL
get,/api/v1/douyin/web/fetch_hot_search_result,fetch_hot_search_result_api_v1_douyin_web_fetch_hot_search_result_get,douyin,web,200,RESPONSE_MODEL
get,/api/v1/douyin/web/generate_real_msToken,generate_real_msToken_api_v1_douyin_web_generate_real_msToken_get,douyin,web,200,RESPONSE_MODEL
get,/api/v1/douyin/web/generate_s_v_web_id,generate_s_v_web_id_api_v1_douyin_web_generate_s_v_web_id_get,douyin,web,200,RESPONSE_MODEL
get,/api/v1/douyin/web/generate_verify_fp,generate_verify_fp_api_v1_douyin_web_generate_verify_fp_get,douyin,web,200,RESPONSE_MODEL
get,/api/v1/douyin/xingtu_v2/get_content_trend_guide,get_content_trend_guide_api_v1_douyin_xingtu_v2_get_content_trend_guide_get,douyin,xingtu_v2,200,RESPONSE_MODEL
get,/api/v1/douyin/xingtu_v2/get_ip_activity_industry_list,get_ip_activity_industry_list_api_v1_douyin_xingtu_v2_get_ip_activity_industry_list_get,douyin,xingtu_v2,200,RESPONSE_MODEL
get,/api/v1/health/check,health_check_api_v1_health_check_get,health,root,200,CUSTOM_MODEL
get,/api/v1/instagram/v1/fetch_explore_sections,fetch_explore_sections_api_v1_instagram_v1_fetch_explore_sections_get,instagram,v1,200,RESPONSE_MODEL
get,/api/v1/ios_shortcut/shortcut,get_shortcut_api_v1_ios_shortcut_shortcut_get,ios_shortcut,root,200,CUSTOM_MODEL
get,/api/v1/kuaishou/app/fetch_hot_board_categories,fetch_hot_board_categories_api_v1_kuaishou_app_fetch_hot_board_categories_get,kuaishou,app,200,RESPONSE_MODEL
get,/api/v1/kuaishou/app/fetch_hot_search_person,fetch_hot_search_person_api_v1_kuaishou_app_fetch_hot_search_person_get,kuaishou,app,200,RESPONSE_MODEL
get,/api/v1/kuaishou/web/fetch_kuaishou_hot_list_v1,fetch_kuaishou_hot_list_v1_api_v1_kuaishou_web_fetch_kuaishou_hot_list_v1_get,kuaishou,web,200,RESPONSE_MODEL
get,/api/v1/lemon8/app/fetch_discover_banners,fetch_discover_banners_api_v1_lemon8_app_fetch_discover_banners_get,lemon8,app,200,RESPONSE_MODEL
get,/api/v1/lemon8/app/fetch_discover_tab,fetch_discover_tab_api_v1_lemon8_app_fetch_discover_tab_get,lemon8,app,200,RESPONSE_MODEL
get,/api/v1/lemon8/app/fetch_discover_tab_information_tabs,fetch_discover_tab_information_tabs_api_v1_lemon8_app_fetch_discover_tab_information_tabs_get,lemon8,app,200,RESPONSE_MODEL
get,/api/v1/lemon8/app/fetch_hot_search_keywords,fetch_hot_search_keywords_api_v1_lemon8_app_fetch_hot_search_keywords_get,lemon8,app,200,RESPONSE_MODEL
get,/api/v1/pipixia/app/fetch_hot_search_board_list,fetch_hot_search_board_list_api_v1_pipixia_app_fetch_hot_search_board_list_get,pipixia,app,200,RESPONSE_MODEL
get,/api/v1/pipixia/app/fetch_hot_search_words,fetch_hot_search_words_api_v1_pipixia_app_fetch_hot_search_words_get,pipixia,app,200,RESPONSE_MODEL
get,/api/v1/temp_mail/v1/get_temp_email_address,get_temp_email_api_v1_temp_mail_v1_get_temp_email_address_get,temp_mail,v1,200,RESPONSE_MODEL
get,/api/v1/tikhub/downloader/redirect_download,redirect_download_api_v1_tikhub_downloader_redirect_download_get,tikhub,downloader,302,REDIRECT
get,/api/v1/tikhub/downloader/version,update_check_api_v1_tikhub_downloader_version_get,tikhub,downloader,200,CUSTOM_MODEL
get,/api/v1/tikhub/user/get_all_endpoints_info,get_all_endpoints_info_api_v1_tikhub_user_get_all_endpoints_info_get,tikhub,user,200,RESPONSE_MODEL
get,/api/v1/tikhub/user/get_tiered_discount_info,get_tiered_discount_info_api_v1_tikhub_user_get_tiered_discount_info_get,tikhub,user,200,RESPONSE_MODEL
get,/api/v1/tikhub/user/get_user_daily_usage,get_user_daily_usage_api_v1_tikhub_user_get_user_daily_usage_get,tikhub,user,200,RESPONSE_MODEL
get,/api/v1/tikhub/user/get_user_info,get_user_info_api_v1_tikhub_user_get_user_info_get,tikhub,user,200,CUSTOM_MODEL
get,/api/v1/tiktok/ads/get_creator_filters,get_creator_filters_api_v1_tiktok_ads_get_creator_filters_get,tiktok,ads,200,RESPONSE_MODEL
get,/api/v1/tiktok/ads/get_hashtag_filters,get_hashtag_filters_api_v1_tiktok_ads_get_hashtag_filters_get,tiktok,ads,200,RESPONSE_MODEL
get,/api/v1/tiktok/ads/get_keyword_filters,get_keyword_filters_api_v1_tiktok_ads_get_keyword_filters_get,tiktok,ads,200,RESPONSE_MODEL
get,/api/v1/tiktok/ads/get_product_filters,get_product_filters_api_v1_tiktok_ads_get_product_filters_get,tiktok,ads,200,RESPONSE_MODEL
get,/api/v1/tiktok/web/device_register,device_register_api_v1_tiktok_web_device_register_get,tiktok,web,200,RESPONSE_MODEL
get,/api/v1/tiktok/web/fetch_trending_post,fetch_trending_post_api_v1_tiktok_web_fetch_trending_post_get,tiktok,web,200,RESPONSE_MODEL
get,/api/v1/tiktok/web/fetch_trending_searchwords,fetch_trending_searchwords_api_v1_tiktok_web_fetch_trending_searchwords_get,tiktok,web,200,RESPONSE_MODEL
get,/api/v1/wechat_channels/fetch_hot_words,fetch_hot_words_api_v1_wechat_channels_fetch_hot_words_get,wechat_channels,root,200,RESPONSE_MODEL
get,/api/v1/weibo/app/fetch_hot_search_categories,fetch_hot_search_categories_api_v1_weibo_app_fetch_hot_search_categories_get,weibo,app,200,RESPONSE_MODEL
get,/api/v1/weibo/web/fetch_config_list,fetch_config_list_api_v1_weibo_web_fetch_config_list_get,weibo,web,200,RESPONSE_MODEL
get,/api/v1/weibo/web/fetch_hot_search,fetch_hot_search_api_v1_weibo_web_fetch_hot_search_get,weibo,web,200,RESPONSE_MODEL
get,/api/v1/weibo/web/fetch_search_topics,fetch_search_topics_api_v1_weibo_web_fetch_search_topics_get,weibo,web,200,RESPONSE_MODEL
get,/api/v1/weibo/web_v2/fetch_all_groups,fetch_all_groups_api_v1_weibo_web_v2_fetch_all_groups_get,weibo,web_v2,200,RESPONSE_MODEL
get,/api/v1/weibo/web_v2/fetch_entertainment_ranking,fetch_entertainment_ranking_api_v1_weibo_web_v2_fetch_entertainment_ranking_get,weibo,web_v2,200,RESPONSE_MODEL
get,/api/v1/weibo/web_v2/fetch_hot_search,fetch_hot_search_api_v1_weibo_web_v2_fetch_hot_search_get,weibo,web_v2,200,RESPONSE_MODEL
get,/api/v1/weibo/web_v2/fetch_hot_search_index,fetch_hot_search_index_api_v1_weibo_web_v2_fetch_hot_search_index_get,weibo,web_v2,200,RESPONSE_MODEL
get,/api/v1/weibo/web_v2/fetch_hot_search_summary,fetch_hot_search_summary_api_v1_weibo_web_v2_fetch_hot_search_summary_get,weibo,web_v2,200,RESPONSE_MODEL
get,/api/v1/weibo/web_v2/fetch_life_ranking,fetch_life_ranking_api_v1_weibo_web_v2_fetch_life_ranking_get,weibo,web_v2,200,RESPONSE_MODEL
get,/api/v1/weibo/web_v2/fetch_social_ranking,fetch_social_ranking_api_v1_weibo_web_v2_fetch_social_ranking_get,weibo,web_v2,200,RESPONSE_MODEL
get,/api/v1/xiaohongshu/web_v2/fetch_hot_list,fetch_hot_list_api_v1_xiaohongshu_web_v2_fetch_hot_list_get,xiaohongshu,web_v2,200,RESPONSE_MODEL
get,/api/v1/zhihu/web/fetch_preset_search,fetch_preset_search_api_v1_zhihu_web_fetch_preset_search_get,zhihu,web,200,RESPONSE_MODEL
get,/api/v1/zhihu/web/fetch_recommend_followees,fetch_recommend_followees_api_v1_zhihu_web_fetch_recommend_followees_get,zhihu,web,200,RESPONSE_MODEL
get,/api/v1/zhihu/web/fetch_search_recommend,fetch_search_recommend_api_v1_zhihu_web_fetch_search_recommend_get,zhihu,web,200,RESPONSE_MODEL
post,/api/v1/douyin/xingtu_v2/get_playlet_actor_rank_catalog,get_playlet_actor_rank_catalog_api_v1_douyin_xingtu_v2_get_playlet_actor_rank_catalog_post,douyin,xingtu_v2,200,RESPONSE_MODEL
