operation_id,action_name,skill_package,method,path,platform,module,required_test_suites,tags
TTencrypt_algorithm_api_v1_tiktok_app_v3_TTencrypt_algorithm_post,tiktok.app.v3_TTencrypt_algorithm,skill-tikhub-global-social,post,/api/v1/tiktok/app/v3/TTencrypt_algorithm,tiktok,app,unit|contract|integration|live_smoke|regression,post|json_body
apply_for_scope_api_v1_tiktok_interaction_apply_get,tiktok.interaction.apply,skill-tikhub-global-social,get,/api/v1/tiktok/interaction/apply,tiktok,interaction,unit|contract|integration|live_smoke|regression,no_auth|special_runtime_policy
check_live_room_online_batch_api_v1_tiktok_app_v3_check_live_room_online_batch_post,tiktok.app.v3_check_live_room_online_batch,skill-tikhub-global-social,post,/api/v1/tiktok/app/v3/check_live_room_online_batch,tiktok,app,unit|contract|integration|live_smoke|regression,post|json_body
collect_api_v1_tiktok_interaction_collect_post,tiktok.interaction.collect,skill-tikhub-global-social,post,/api/v1/tiktok/interaction/collect,tiktok,interaction,unit|contract|integration|live_smoke|regression,post|cookie_dependent|special_runtime_policy|json_body
create_video_api_v1_sora2_create_video_post,sora2.root.create_video,skill-tikhub-experimental,post,/api/v1/sora2/create_video,sora2,root,unit|contract|integration|live_smoke|regression,post|special_runtime_policy|json_body
encrypt_decrypt_login_request_api_v1_tiktok_app_v3_encrypt_decrypt_login_request_post,tiktok.app.v3_encrypt_decrypt_login_request,skill-tikhub-global-social,post,/api/v1/tiktok/app/v3/encrypt_decrypt_login_request,tiktok,app,unit|contract|integration|live_smoke|regression,post|json_body
fetch_author_diagnosis_api_v1_douyin_creator_v2_fetch_author_diagnosis_post,douyin.creator_v2.fetch_author_diagnosis,skill-tikhub-douyin-family,post,/api/v1/douyin/creator_v2/fetch_author_diagnosis,douyin,creator_v2,unit|contract|integration|live_smoke|regression,post|cookie_dependent|json_body
fetch_challenge_posts_api_v1_douyin_web_fetch_challenge_posts_post,douyin.web.fetch_challenge_posts,skill-tikhub-douyin-family,post,/api/v1/douyin/web/fetch_challenge_posts,douyin,web,unit|contract|integration|live_smoke|regression,post|cookie_dependent|json_body
fetch_challenge_search_v1_api_v1_douyin_search_fetch_challenge_search_v1_post,douyin.search.fetch_challenge_search_v1,skill-tikhub-douyin-family,post,/api/v1/douyin/search/fetch_challenge_search_v1,douyin,search,unit|contract|integration|live_smoke|regression,post|json_body
fetch_challenge_search_v2_api_v1_douyin_search_fetch_challenge_search_v2_post,douyin.search.fetch_challenge_search_v2,skill-tikhub-douyin-family,post,/api/v1/douyin/search/fetch_challenge_search_v2,douyin,search,unit|contract|integration|live_smoke|regression,post|json_body
fetch_challenge_suggest_api_v1_douyin_search_fetch_challenge_suggest_post,douyin.search.fetch_challenge_suggest,skill-tikhub-douyin-family,post,/api/v1/douyin/search/fetch_challenge_suggest,douyin,search,unit|contract|integration|live_smoke|regression,post|json_body
fetch_comments_api_v1_wechat_channels_fetch_comments_post,wechat_channels.root.fetch_comments,skill-tikhub-video-community,post,/api/v1/wechat_channels/fetch_comments,wechat_channels,root,unit|contract|integration|live_smoke|regression,post|json_body
fetch_content_translate_api_v1_tiktok_app_v3_fetch_content_translate_post,tiktok.app.v3_fetch_content_translate,skill-tikhub-global-social,post,/api/v1/tiktok/app/v3/fetch_content_translate,tiktok,app,unit|contract|integration|live_smoke|regression,post|json_body
fetch_default_search_api_v1_wechat_channels_fetch_default_search_post,wechat_channels.root.fetch_default_search,skill-tikhub-video-community,post,/api/v1/wechat_channels/fetch_default_search,wechat_channels,root,unit|contract|integration|live_smoke|regression,post|json_body
fetch_discuss_search_api_v1_douyin_search_fetch_discuss_search_post,douyin.search.fetch_discuss_search,skill-tikhub-douyin-family,post,/api/v1/douyin/search/fetch_discuss_search,douyin,search,unit|contract|integration|live_smoke|regression,post|json_body
fetch_experience_search_api_v1_douyin_search_fetch_experience_search_post,douyin.search.fetch_experience_search,skill-tikhub-douyin-family,post,/api/v1/douyin/search/fetch_experience_search,douyin,search,unit|contract|integration|live_smoke|regression,post|json_body
fetch_general_search_v1_api_v1_douyin_search_fetch_general_search_v1_post,douyin.search.fetch_general_search_v1,skill-tikhub-douyin-family,post,/api/v1/douyin/search/fetch_general_search_v1,douyin,search,unit|contract|integration|live_smoke|regression,post|json_body
fetch_general_search_v2_api_v1_douyin_search_fetch_general_search_v2_post,douyin.search.fetch_general_search_v2,skill-tikhub-douyin-family,post,/api/v1/douyin/search/fetch_general_search_v2,douyin,search,unit|contract|integration|live_smoke|regression,post|json_body
fetch_general_search_v3_api_v1_douyin_search_fetch_general_search_v3_post,douyin.search.fetch_general_search_v3,skill-tikhub-douyin-family,post,/api/v1/douyin/search/fetch_general_search_v3,douyin,search,unit|contract|integration|live_smoke|regression,post|json_body
fetch_gift_name_by_id_api_v1_tiktok_web_fetch_gift_name_by_id_post,tiktok.web.fetch_gift_name_by_id,skill-tikhub-global-social,post,/api/v1/tiktok/web/fetch_gift_name_by_id,tiktok,web,unit|contract|integration|live_smoke|regression,post|json_body
fetch_gift_names_by_ids_api_v1_tiktok_web_fetch_gift_names_by_ids_post,tiktok.web.fetch_gift_names_by_ids,skill-tikhub-global-social,post,/api/v1/tiktok/web/fetch_gift_names_by_ids,tiktok,web,unit|contract|integration|live_smoke|regression,post|json_body
fetch_home_feed_api_v1_tiktok_app_v3_fetch_home_feed_post,tiktok.app.v3_fetch_home_feed,skill-tikhub-global-social,post,/api/v1/tiktok/app/v3/fetch_home_feed,tiktok,app,unit|contract|integration|live_smoke|regression,post|cookie_dependent|json_body
fetch_home_feed_api_v1_tiktok_web_fetch_home_feed_post,tiktok.web.fetch_home_feed,skill-tikhub-global-social,post,/api/v1/tiktok/web/fetch_home_feed,tiktok,web,unit|contract|integration|live_smoke|regression,post|cookie_dependent|json_body
fetch_home_page_api_v1_wechat_channels_fetch_home_page_post,wechat_channels.root.fetch_home_page,skill-tikhub-video-community,post,/api/v1/wechat_channels/fetch_home_page,wechat_channels,root,unit|contract|integration|live_smoke|regression,post|json_body
fetch_hot_account_list_api_v1_douyin_billboard_fetch_hot_account_list_post,douyin.billboard.fetch_hot_account_list,skill-tikhub-douyin-family,post,/api/v1/douyin/billboard/fetch_hot_account_list,douyin,billboard,unit|contract|integration|live_smoke|regression,post|json_body
fetch_hot_calendar_list_api_v1_douyin_billboard_fetch_hot_calendar_list_post,douyin.billboard.fetch_hot_calendar_list,skill-tikhub-douyin-family,post,/api/v1/douyin/billboard/fetch_hot_calendar_list,douyin,billboard,unit|contract|integration|live_smoke|regression,post|json_body
fetch_hot_total_high_fan_list_api_v1_douyin_billboard_fetch_hot_total_high_fan_list_post,douyin.billboard.fetch_hot_total_high_fan_list,skill-tikhub-douyin-family,post,/api/v1/douyin/billboard/fetch_hot_total_high_fan_list,douyin,billboard,unit|contract|integration|live_smoke|regression,post|json_body
fetch_hot_total_high_like_list_api_v1_douyin_billboard_fetch_hot_total_high_like_list_post,douyin.billboard.fetch_hot_total_high_like_list,skill-tikhub-douyin-family,post,/api/v1/douyin/billboard/fetch_hot_total_high_like_list,douyin,billboard,unit|contract|integration|live_smoke|regression,post|json_body
fetch_hot_total_high_play_list_api_v1_douyin_billboard_fetch_hot_total_high_play_list_post,douyin.billboard.fetch_hot_total_high_play_list,skill-tikhub-douyin-family,post,/api/v1/douyin/billboard/fetch_hot_total_high_play_list,douyin,billboard,unit|contract|integration|live_smoke|regression,post|json_body
fetch_hot_total_high_search_list_api_v1_douyin_billboard_fetch_hot_total_high_search_list_post,douyin.billboard.fetch_hot_total_high_search_list,skill-tikhub-douyin-family,post,/api/v1/douyin/billboard/fetch_hot_total_high_search_list,douyin,billboard,unit|contract|integration|live_smoke|regression,post|json_body
fetch_hot_total_high_topic_list_api_v1_douyin_billboard_fetch_hot_total_high_topic_list_post,douyin.billboard.fetch_hot_total_high_topic_list,skill-tikhub-douyin-family,post,/api/v1/douyin/billboard/fetch_hot_total_high_topic_list,douyin,billboard,unit|contract|integration|live_smoke|regression,post|json_body
fetch_hot_total_hot_word_list_api_v1_douyin_billboard_fetch_hot_total_hot_word_list_post,douyin.billboard.fetch_hot_total_hot_word_list,skill-tikhub-douyin-family,post,/api/v1/douyin/billboard/fetch_hot_total_hot_word_list,douyin,billboard,unit|contract|integration|live_smoke|regression,post|json_body
fetch_hot_total_low_fan_list_api_v1_douyin_billboard_fetch_hot_total_low_fan_list_post,douyin.billboard.fetch_hot_total_low_fan_list,skill-tikhub-douyin-family,post,/api/v1/douyin/billboard/fetch_hot_total_low_fan_list,douyin,billboard,unit|contract|integration|live_smoke|regression,post|json_body
fetch_hot_total_search_list_api_v1_douyin_billboard_fetch_hot_total_search_list_post,douyin.billboard.fetch_hot_total_search_list,skill-tikhub-douyin-family,post,/api/v1/douyin/billboard/fetch_hot_total_search_list,douyin,billboard,unit|contract|integration|live_smoke|regression,post|json_body
fetch_hot_total_topic_list_api_v1_douyin_billboard_fetch_hot_total_topic_list_post,douyin.billboard.fetch_hot_total_topic_list,skill-tikhub-douyin-family,post,/api/v1/douyin/billboard/fetch_hot_total_topic_list,douyin,billboard,unit|contract|integration|live_smoke|regression,post|json_body
fetch_hot_total_video_list_api_v1_douyin_billboard_fetch_hot_total_video_list_post,douyin.billboard.fetch_hot_total_video_list,skill-tikhub-douyin-family,post,/api/v1/douyin/billboard/fetch_hot_total_video_list,douyin,billboard,unit|contract|integration|live_smoke|regression,post|json_body
fetch_image_search_api_v1_douyin_search_fetch_image_search_post,douyin.search.fetch_image_search,skill-tikhub-douyin-family,post,/api/v1/douyin/search/fetch_image_search,douyin,search,unit|contract|integration|live_smoke|regression,post|json_body
fetch_image_search_v3_api_v1_douyin_search_fetch_image_search_v3_post,douyin.search.fetch_image_search_v3,skill-tikhub-douyin-family,post,/api/v1/douyin/search/fetch_image_search_v3,douyin,search,unit|contract|integration|live_smoke|regression,post|json_body
fetch_item_analysis_involved_vertical_api_v1_douyin_creator_v2_fetch_item_analysis_involved_vertical_post,douyin.creator_v2.fetch_item_analysis_involved_vertical,skill-tikhub-douyin-family,post,/api/v1/douyin/creator_v2/fetch_item_analysis_involved_vertical,douyin,creator_v2,unit|contract|integration|live_smoke|regression,post|cookie_dependent|json_body
fetch_item_analysis_item_performance_api_v1_douyin_creator_v2_fetch_item_analysis_item_performance_post,douyin.creator_v2.fetch_item_analysis_item_performance,skill-tikhub-douyin-family,post,/api/v1/douyin/creator_v2/fetch_item_analysis_item_performance,douyin,creator_v2,unit|contract|integration|live_smoke|regression,post|cookie_dependent|json_body
fetch_item_analysis_overview_api_v1_douyin_creator_v2_fetch_item_analysis_overview_post,douyin.creator_v2.fetch_item_analysis_overview,skill-tikhub-douyin-family,post,/api/v1/douyin/creator_v2/fetch_item_analysis_overview,douyin,creator_v2,unit|contract|integration|live_smoke|regression,post|cookie_dependent|json_body
fetch_item_audience_others_api_v1_douyin_creator_v2_fetch_item_audience_others_post,douyin.creator_v2.fetch_item_audience_others,skill-tikhub-douyin-family,post,/api/v1/douyin/creator_v2/fetch_item_audience_others,douyin,creator_v2,unit|contract|integration|live_smoke|regression,post|cookie_dependent|json_body
fetch_item_audience_portrait_api_v1_douyin_creator_v2_fetch_item_audience_portrait_post,douyin.creator_v2.fetch_item_audience_portrait,skill-tikhub-douyin-family,post,/api/v1/douyin/creator_v2/fetch_item_audience_portrait,douyin,creator_v2,unit|contract|integration|live_smoke|regression,post|cookie_dependent|json_body
fetch_item_danmaku_analysis_api_v1_douyin_creator_v2_fetch_item_danmaku_analysis_post,douyin.creator_v2.fetch_item_danmaku_analysis,skill-tikhub-douyin-family,post,/api/v1/douyin/creator_v2/fetch_item_danmaku_analysis,douyin,creator_v2,unit|contract|integration|live_smoke|regression,post|cookie_dependent|json_body
fetch_item_list_api_v1_douyin_creator_v2_fetch_item_list_post,douyin.creator_v2.fetch_item_list,skill-tikhub-douyin-family,post,/api/v1/douyin/creator_v2/fetch_item_list,douyin,creator_v2,unit|contract|integration|live_smoke|regression,post|cookie_dependent|json_body
fetch_item_list_download_api_v1_douyin_creator_v2_fetch_item_list_download_post,douyin.creator_v2.fetch_item_list_download,skill-tikhub-douyin-family,post,/api/v1/douyin/creator_v2/fetch_item_list_download,douyin,creator_v2,unit|contract|integration|live_smoke|regression,post|cookie_dependent|nonstandard_response|json_body
fetch_item_overview_data_api_v1_douyin_creator_v2_fetch_item_overview_data_post,douyin.creator_v2.fetch_item_overview_data,skill-tikhub-douyin-family,post,/api/v1/douyin/creator_v2/fetch_item_overview_data,douyin,creator_v2,unit|contract|integration|live_smoke|regression,post|cookie_dependent|json_body
fetch_item_play_source_api_v1_douyin_creator_v2_fetch_item_play_source_post,douyin.creator_v2.fetch_item_play_source,skill-tikhub-douyin-family,post,/api/v1/douyin/creator_v2/fetch_item_play_source,douyin,creator_v2,unit|contract|integration|live_smoke|regression,post|cookie_dependent|json_body
fetch_item_search_keyword_api_v1_douyin_creator_v2_fetch_item_search_keyword_post,douyin.creator_v2.fetch_item_search_keyword,skill-tikhub-douyin-family,post,/api/v1/douyin/creator_v2/fetch_item_search_keyword,douyin,creator_v2,unit|contract|integration|live_smoke|regression,post|cookie_dependent|json_body
fetch_item_watch_trend_api_v1_douyin_creator_v2_fetch_item_watch_trend_post,douyin.creator_v2.fetch_item_watch_trend,skill-tikhub-douyin-family,post,/api/v1/douyin/creator_v2/fetch_item_watch_trend,douyin,creator_v2,unit|contract|integration|live_smoke|regression,post|cookie_dependent|json_body
fetch_live_room_history_list_api_v1_douyin_creator_v2_fetch_live_room_history_list_post,douyin.creator_v2.fetch_live_room_history_list,skill-tikhub-douyin-family,post,/api/v1/douyin/creator_v2/fetch_live_room_history_list,douyin,creator_v2,unit|contract|integration|live_smoke|regression,post|cookie_dependent|json_body
fetch_live_search_v1_api_v1_douyin_search_fetch_live_search_v1_post,douyin.search.fetch_live_search_v1,skill-tikhub-douyin-family,post,/api/v1/douyin/search/fetch_live_search_v1,douyin,search,unit|contract|integration|live_smoke|regression,post|json_body
fetch_multi_search_api_v1_douyin_search_fetch_multi_search_post,douyin.search.fetch_multi_search,skill-tikhub-douyin-family,post,/api/v1/douyin/search/fetch_multi_search,douyin,search,unit|contract|integration|live_smoke|regression,post|json_body
fetch_multi_video_api_v1_douyin_app_v3_fetch_multi_video_post,douyin.app.v3_fetch_multi_video,skill-tikhub-douyin-family,post,/api/v1/douyin/app/v3/fetch_multi_video,douyin,app,unit|contract|integration|live_smoke|regression,post|json_body
fetch_multi_video_api_v1_douyin_web_fetch_multi_video_post,douyin.web.fetch_multi_video,skill-tikhub-douyin-family,post,/api/v1/douyin/web/fetch_multi_video,douyin,web,unit|contract|integration|live_smoke|regression,post|json_body
fetch_multi_video_api_v1_tiktok_app_v3_fetch_multi_video_post,tiktok.app.v3_fetch_multi_video,skill-tikhub-global-social,post,/api/v1/tiktok/app/v3/fetch_multi_video,tiktok,app,unit|contract|integration|live_smoke|regression,post|json_body
fetch_multi_video_high_quality_play_url_api_v1_douyin_app_v3_fetch_multi_video_high_quality_play_url_post,douyin.app.v3_fetch_multi_video_high_quality_play_url,skill-tikhub-douyin-family,post,/api/v1/douyin/app/v3/fetch_multi_video_high_quality_play_url,douyin,app,unit|contract|integration|live_smoke|regression,post|json_body
fetch_multi_video_high_quality_play_url_api_v1_douyin_web_fetch_multi_video_high_quality_play_url_post,douyin.web.fetch_multi_video_high_quality_play_url,skill-tikhub-douyin-family,post,/api/v1/douyin/web/fetch_multi_video_high_quality_play_url,douyin,web,unit|contract|integration|live_smoke|regression,post|json_body
fetch_multi_video_v2_api_v1_douyin_app_v3_fetch_multi_video_v2_post,douyin.app.v3_fetch_multi_video_v2,skill-tikhub-douyin-family,post,/api/v1/douyin/app/v3/fetch_multi_video_v2,douyin,app,unit|contract|integration|live_smoke|regression,post|json_body
fetch_multi_video_v2_api_v1_tiktok_app_v3_fetch_multi_video_v2_post,tiktok.app.v3_fetch_multi_video_v2,skill-tikhub-global-social,post,/api/v1/tiktok/app/v3/fetch_multi_video_v2,tiktok,app,unit|contract|integration|live_smoke|regression,post|json_body
fetch_music_search_api_v1_douyin_search_fetch_music_search_post,douyin.search.fetch_music_search,skill-tikhub-douyin-family,post,/api/v1/douyin/search/fetch_music_search,douyin,search,unit|contract|integration|live_smoke|regression,post|json_body
fetch_product_detail_api_v1_tiktok_shop_web_fetch_product_detail_get,tiktok.shop.web_fetch_product_detail,skill-tikhub-global-social,get,/api/v1/tiktok/shop/web/fetch_product_detail,tiktok,shop,unit|contract|integration|live_smoke|regression,special_runtime_policy
fetch_product_detail_v2_api_v1_tiktok_shop_web_fetch_product_detail_v2_get,tiktok.shop.web_fetch_product_detail_v2,skill-tikhub-global-social,get,/api/v1/tiktok/shop/web/fetch_product_detail_v2,tiktok,shop,unit|contract|integration|live_smoke|regression,special_runtime_policy
fetch_product_detail_v3_api_v1_tiktok_shop_web_fetch_product_detail_v3_get,tiktok.shop.web_fetch_product_detail_v3,skill-tikhub-global-social,get,/api/v1/tiktok/shop/web/fetch_product_detail_v3,tiktok,shop,unit|contract|integration|live_smoke|regression,special_runtime_policy
fetch_product_reviews_v1_api_v1_tiktok_shop_web_fetch_product_reviews_v1_get,tiktok.shop.web_fetch_product_reviews_v1,skill-tikhub-global-social,get,/api/v1/tiktok/shop/web/fetch_product_reviews_v1,tiktok,shop,unit|contract|integration|live_smoke|regression,special_runtime_policy|pagination_offset
fetch_product_reviews_v2_api_v1_tiktok_shop_web_fetch_product_reviews_v2_get,tiktok.shop.web_fetch_product_reviews_v2,skill-tikhub-global-social,get,/api/v1/tiktok/shop/web/fetch_product_reviews_v2,tiktok,shop,unit|contract|integration|live_smoke|regression,special_runtime_policy
fetch_products_by_category_id_api_v1_tiktok_shop_web_fetch_products_by_category_id_get,tiktok.shop.web_fetch_products_by_category_id,skill-tikhub-global-social,get,/api/v1/tiktok/shop/web/fetch_products_by_category_id,tiktok,shop,unit|contract|integration|live_smoke|regression,special_runtime_policy|pagination_offset
fetch_query_user_api_v1_douyin_web_fetch_query_user_post,douyin.web.fetch_query_user,skill-tikhub-douyin-family,post,/api/v1/douyin/web/fetch_query_user,douyin,web,unit|contract|integration|live_smoke|regression,post|json_body
fetch_scholar_search_v3_api_v1_zhihu_web_fetch_scholar_search_v3_post,zhihu.web.fetch_scholar_search_v3,skill-tikhub-video-community,post,/api/v1/zhihu/web/fetch_scholar_search_v3,zhihu,web,unit|contract|integration|live_smoke|regression,post|pagination_offset|json_body
fetch_school_search_api_v1_douyin_search_fetch_school_search_post,douyin.search.fetch_school_search,skill-tikhub-douyin-family,post,/api/v1/douyin/search/fetch_school_search,douyin,search,unit|contract|integration|live_smoke|regression,post|json_body
fetch_search_challenge_api_v1_douyin_web_fetch_search_challenge_post,douyin.web.fetch_search_challenge,skill-tikhub-douyin-family,post,/api/v1/douyin/web/fetch_search_challenge,douyin,web,unit|contract|integration|live_smoke|regression,post|cookie_dependent|json_body
fetch_search_products_list_api_v1_tiktok_shop_web_fetch_search_products_list_get,tiktok.shop.web_fetch_search_products_list,skill-tikhub-global-social,get,/api/v1/tiktok/shop/web/fetch_search_products_list,tiktok,shop,unit|contract|integration|live_smoke|regression,special_runtime_policy|pagination_offset
fetch_search_products_list_v3_api_v1_tiktok_shop_web_fetch_search_products_list_v3_get,tiktok.shop.web_fetch_search_products_list_v3,skill-tikhub-global-social,get,/api/v1/tiktok/shop/web/fetch_search_products_list_v3,tiktok,shop,unit|contract|integration|live_smoke|regression,special_runtime_policy|pagination_offset
fetch_search_suggest_api_v1_douyin_search_fetch_search_suggest_post,douyin.search.fetch_search_suggest,skill-tikhub-douyin-family,post,/api/v1/douyin/search/fetch_search_suggest,douyin,search,unit|contract|integration|live_smoke|regression,post|json_body
fetch_search_word_suggestion_api_v1_tiktok_shop_web_fetch_search_word_suggestion_get,tiktok.shop.web_fetch_search_word_suggestion,skill-tikhub-global-social,get,/api/v1/tiktok/shop/web/fetch_search_word_suggestion,tiktok,shop,unit|contract|integration|live_smoke|regression,special_runtime_policy
fetch_search_word_suggestion_v2_api_v1_tiktok_shop_web_fetch_search_word_suggestion_v2_get,tiktok.shop.web_fetch_search_word_suggestion_v2,skill-tikhub-global-social,get,/api/v1/tiktok/shop/web/fetch_search_word_suggestion_v2,tiktok,shop,unit|contract|integration|live_smoke|regression,special_runtime_policy
fetch_seller_products_list_api_v1_tiktok_shop_web_fetch_seller_products_list_get,tiktok.shop.web_fetch_seller_products_list,skill-tikhub-global-social,get,/api/v1/tiktok/shop/web/fetch_seller_products_list,tiktok,shop,unit|contract|integration|live_smoke|regression,special_runtime_policy
fetch_seller_products_list_v2_api_v1_tiktok_shop_web_fetch_seller_products_list_v2_get,tiktok.shop.web_fetch_seller_products_list_v2,skill-tikhub-global-social,get,/api/v1/tiktok/shop/web/fetch_seller_products_list_v2,tiktok,shop,unit|contract|integration|live_smoke|regression,special_runtime_policy
fetch_user_collection_videos_api_v1_douyin_web_fetch_user_collection_videos_post,douyin.web.fetch_user_collection_videos,skill-tikhub-douyin-family,post,/api/v1/douyin/web/fetch_user_collection_videos,douyin,web,unit|contract|integration|live_smoke|regression,post|cookie_dependent|json_body
fetch_user_collects_api_v1_douyin_web_fetch_user_collects_post,douyin.web.fetch_user_collects,skill-tikhub-douyin-family,post,/api/v1/douyin/web/fetch_user_collects,douyin,web,unit|contract|integration|live_smoke|regression,post|cookie_dependent|json_body
fetch_user_like_videos_api_v1_douyin_web_fetch_user_like_videos_post,douyin.web.fetch_user_like_videos,skill-tikhub-douyin-family,post,/api/v1/douyin/web/fetch_user_like_videos,douyin,web,unit|contract|integration|live_smoke|regression,post|cookie_dependent|json_body
fetch_user_search_api_v1_douyin_search_fetch_user_search_post,douyin.search.fetch_user_search,skill-tikhub-douyin-family,post,/api/v1/douyin/search/fetch_user_search,douyin,search,unit|contract|integration|live_smoke|regression,post|json_body
fetch_user_search_v2_api_v1_douyin_search_fetch_user_search_v2_post,douyin.search.fetch_user_search_v2,skill-tikhub-douyin-family,post,/api/v1/douyin/search/fetch_user_search_v2,douyin,search,unit|contract|integration|live_smoke|regression,post|json_body
fetch_video_search_v1_api_v1_douyin_search_fetch_video_search_v1_post,douyin.search.fetch_video_search_v1,skill-tikhub-douyin-family,post,/api/v1/douyin/search/fetch_video_search_v1,douyin,search,unit|contract|integration|live_smoke|regression,post|json_body
fetch_video_search_v2_api_v1_douyin_search_fetch_video_search_v2_post,douyin.search.fetch_video_search_v2,skill-tikhub-douyin-family,post,/api/v1/douyin/search/fetch_video_search_v2,douyin,search,unit|contract|integration|live_smoke|regression,post|json_body
fetch_vip_video_playurl_api_v1_bilibili_web_fetch_vip_video_playurl_post,bilibili.web.fetch_vip_video_playurl,skill-tikhub-video-community,post,/api/v1/bilibili/web/fetch_vip_video_playurl,bilibili,web,unit|contract|integration|live_smoke|regression,post|cookie_dependent|json_body
fetch_vision_search_api_v1_douyin_search_fetch_vision_search_post,douyin.search.fetch_vision_search,skill-tikhub-douyin-family,post,/api/v1/douyin/search/fetch_vision_search,douyin,search,unit|contract|integration|live_smoke|regression,post|json_body
follow_api_v1_tiktok_interaction_follow_post,tiktok.interaction.follow,skill-tikhub-global-social,post,/api/v1/tiktok/interaction/follow,tiktok,interaction,unit|contract|integration|live_smoke|regression,post|cookie_dependent|special_runtime_policy|json_body
forward_api_v1_tiktok_interaction_forward_post,tiktok.interaction.forward,skill-tikhub-global-social,post,/api/v1/tiktok/interaction/forward,tiktok,interaction,unit|contract|integration|live_smoke|regression,post|cookie_dependent|special_runtime_policy|json_body
generate_a_bogus_api_v1_douyin_web_generate_a_bogus_post,douyin.web.generate_a_bogus,skill-tikhub-douyin-family,post,/api/v1/douyin/web/generate_a_bogus,douyin,web,unit|contract|integration|live_smoke|regression,post|json_body
generate_x_bogus_api_v1_douyin_web_generate_x_bogus_post,douyin.web.generate_x_bogus,skill-tikhub-douyin-family,post,/api/v1/douyin/web/generate_x_bogus,douyin,web,unit|contract|integration|live_smoke|regression,post|json_body
generate_xbogus_api_v1_tiktok_web_generate_xbogus_post,tiktok.web.generate_xbogus,skill-tikhub-global-social,post,/api/v1/tiktok/web/generate_xbogus,tiktok,web,unit|contract|integration|live_smoke|regression,post|json_body
generate_xgnarly_and_xbogus_api_v1_tiktok_web_generate_xgnarly_and_xbogus_post,tiktok.web.generate_xgnarly_and_xbogus,skill-tikhub-global-social,post,/api/v1/tiktok/web/generate_xgnarly_and_xbogus,tiktok,web,unit|contract|integration|live_smoke|regression,post|json_body
generate_xgnarly_api_v1_tiktok_web_generate_xgnarly_post,tiktok.web.generate_xgnarly,skill-tikhub-global-social,post,/api/v1/tiktok/web/generate_xgnarly,tiktok,web,unit|contract|integration|live_smoke|regression,post|json_body
get_account_health_status_api_v1_tiktok_creator_get_account_health_status_post,tiktok.creator.get_account_health_status,skill-tikhub-global-social,post,/api/v1/tiktok/creator/get_account_health_status,tiktok,creator,unit|contract|integration|live_smoke|regression,post|cookie_dependent|json_body
get_account_insights_overview_api_v1_tiktok_creator_get_account_insights_overview_post,tiktok.creator.get_account_insights_overview,skill-tikhub-global-social,post,/api/v1/tiktok/creator/get_account_insights_overview,tiktok,creator,unit|contract|integration|live_smoke|regression,post|cookie_dependent|json_body
get_account_violation_list_api_v1_tiktok_creator_get_account_violation_list_post,tiktok.creator.get_account_violation_list,skill-tikhub-global-social,post,/api/v1/tiktok/creator/get_account_violation_list,tiktok,creator,unit|contract|integration|live_smoke|regression,post|cookie_dependent|json_body
get_all_aweme_id_api_v1_douyin_web_get_all_aweme_id_post,douyin.web.get_all_aweme_id,skill-tikhub-douyin-family,post,/api/v1/douyin/web/get_all_aweme_id,douyin,web,unit|contract|integration|live_smoke|regression,post|json_body
get_all_aweme_id_api_v1_tiktok_web_get_all_aweme_id_post,tiktok.web.get_all_aweme_id,skill-tikhub-global-social,post,/api/v1/tiktok/web/get_all_aweme_id,tiktok,web,unit|contract|integration|live_smoke|regression,post|json_body
get_all_sec_user_id_api_v1_douyin_web_get_all_sec_user_id_post,douyin.web.get_all_sec_user_id,skill-tikhub-douyin-family,post,/api/v1/douyin/web/get_all_sec_user_id,douyin,web,unit|contract|integration|live_smoke|regression,post|json_body
get_all_sec_user_id_api_v1_tiktok_web_get_all_sec_user_id_post,tiktok.web.get_all_sec_user_id,skill-tikhub-global-social,post,/api/v1/tiktok/web/get_all_sec_user_id,tiktok,web,unit|contract|integration|live_smoke|regression,post|json_body
get_all_unique_id_api_v1_tiktok_web_get_all_unique_id_post,tiktok.web.get_all_unique_id,skill-tikhub-global-social,post,/api/v1/tiktok/web/get_all_unique_id,tiktok,web,unit|contract|integration|live_smoke|regression,post|json_body
get_all_webcast_id_api_v1_douyin_web_get_all_webcast_id_post,douyin.web.get_all_webcast_id,skill-tikhub-douyin-family,post,/api/v1/douyin/web/get_all_webcast_id,douyin,web,unit|contract|integration|live_smoke|regression,post|json_body
get_creator_account_info_api_v1_tiktok_creator_get_creator_account_info_post,tiktok.creator.get_creator_account_info,skill-tikhub-global-social,post,/api/v1/tiktok/creator/get_creator_account_info,tiktok,creator,unit|contract|integration|live_smoke|regression,post|cookie_dependent|json_body
get_home_recommend_api_v1_xiaohongshu_web_get_home_recommend_post,xiaohongshu.web.get_home_recommend,skill-tikhub-douyin-family,post,/api/v1/xiaohongshu/web/get_home_recommend,xiaohongshu,web,unit|contract|integration|live_smoke|regression,post|cookie_dependent|json_body
get_ip_activity_list_api_v1_douyin_xingtu_v2_get_ip_activity_list_post,douyin.xingtu_v2.get_ip_activity_list,skill-tikhub-douyin-family,post,/api/v1/douyin/xingtu_v2/get_ip_activity_list,douyin,xingtu_v2,unit|contract|integration|live_smoke|regression,post|json_body
get_item_ids_api_v1_lemon8_app_get_item_ids_post,lemon8.app.get_item_ids,skill-tikhub-video-community,post,/api/v1/lemon8/app/get_item_ids,lemon8,app,unit|contract|integration|live_smoke|regression,post|json_body
get_live_overview_api_v1_tiktok_creator_get_live_analytics_summary_post,tiktok.creator.get_live_analytics_summary,skill-tikhub-global-social,post,/api/v1/tiktok/creator/get_live_analytics_summary,tiktok,creator,unit|contract|integration|live_smoke|regression,post|cookie_dependent|json_body
get_note_info_v5_api_v1_xiaohongshu_web_get_note_info_v5_post,xiaohongshu.web.get_note_info_v5,skill-tikhub-douyin-family,post,/api/v1/xiaohongshu/web/get_note_info_v5,xiaohongshu,web,unit|contract|integration|live_smoke|regression,post|cookie_dependent|json_body
get_playlet_actor_rank_catalog_api_v1_douyin_xingtu_v2_get_playlet_actor_rank_catalog_post,douyin.xingtu_v2.get_playlet_actor_rank_catalog,skill-tikhub-douyin-family,post,/api/v1/douyin/xingtu_v2/get_playlet_actor_rank_catalog,douyin,xingtu_v2,unit|contract|integration|live_smoke|regression,post|no_422_declared
get_product_analytics_list_api_v1_tiktok_creator_get_product_analytics_list_post,tiktok.creator.get_product_analytics_list,skill-tikhub-global-social,post,/api/v1/tiktok/creator/get_product_analytics_list,tiktok,creator,unit|contract|integration|live_smoke|regression,post|cookie_dependent|json_body
get_product_related_videos_api_v1_tiktok_creator_get_product_related_videos_post,tiktok.creator.get_product_related_videos,skill-tikhub-global-social,post,/api/v1/tiktok/creator/get_product_related_videos,tiktok,creator,unit|contract|integration|live_smoke|regression,post|cookie_dependent|json_body
get_recommend_for_star_authors_api_v1_douyin_xingtu_v2_get_recommend_for_star_authors_post,douyin.xingtu_v2.get_recommend_for_star_authors,skill-tikhub-douyin-family,post,/api/v1/douyin/xingtu_v2/get_recommend_for_star_authors,douyin,xingtu_v2,unit|contract|integration|live_smoke|regression,post|json_body
get_shortcut_api_v1_ios_shortcut_shortcut_get,ios_shortcut.root.shortcut,skill-tikhub-core,get,/api/v1/ios_shortcut/shortcut,ios_shortcut,root,unit|contract|integration|live_smoke|regression,no_auth|nonstandard_response|no_422_declared
get_showcase_product_list_api_v1_tiktok_creator_get_showcase_product_list_post,tiktok.creator.get_showcase_product_list,skill-tikhub-global-social,post,/api/v1/tiktok/creator/get_showcase_product_list,tiktok,creator,unit|contract|integration|live_smoke|regression,post|cookie_dependent|json_body
get_task_status_api_v1_sora2_get_task_status_get,sora2.root.get_task_status,skill-tikhub-experimental,get,/api/v1/sora2/get_task_status,sora2,root,unit|contract|integration|live_smoke|regression,special_runtime_policy
get_user_ids_api_v1_lemon8_app_get_user_ids_post,lemon8.app.get_user_ids,skill-tikhub-video-community,post,/api/v1/lemon8/app/get_user_ids,lemon8,app,unit|contract|integration|live_smoke|regression,post|json_body
get_user_info_api_v1_tikhub_user_get_user_info_get,tikhub.user.get_user_info,skill-tikhub-core,get,/api/v1/tikhub/user/get_user_info,tikhub,user,unit|contract|integration|live_smoke|regression,nonstandard_response|no_422_declared
get_video_analytics_summary_api_v1_tiktok_creator_get_video_analytics_summary_post,tiktok.creator.get_video_analytics_summary,skill-tikhub-global-social,post,/api/v1/tiktok/creator/get_video_analytics_summary,tiktok,creator,unit|contract|integration|live_smoke|regression,post|cookie_dependent|json_body
get_video_associated_product_list_api_v1_tiktok_creator_get_video_associated_product_list_post,tiktok.creator.get_video_associated_product_list,skill-tikhub-global-social,post,/api/v1/tiktok/creator/get_video_associated_product_list,tiktok,creator,unit|contract|integration|live_smoke|regression,post|cookie_dependent|json_body
get_video_audience_stats_api_v1_tiktok_creator_get_video_audience_stats_post,tiktok.creator.get_video_audience_stats,skill-tikhub-global-social,post,/api/v1/tiktok/creator/get_video_audience_stats,tiktok,creator,unit|contract|integration|live_smoke|regression,post|cookie_dependent|json_body
get_video_detailed_stats_api_v1_tiktok_creator_get_video_detailed_stats_post,tiktok.creator.get_video_detailed_stats,skill-tikhub-global-social,post,/api/v1/tiktok/creator/get_video_detailed_stats,tiktok,creator,unit|contract|integration|live_smoke|regression,post|cookie_dependent|json_body
get_video_list_api_v1_tiktok_creator_get_video_list_analytics_post,tiktok.creator.get_video_list_analytics,skill-tikhub-global-social,post,/api/v1/tiktok/creator/get_video_list_analytics,tiktok,creator,unit|contract|integration|live_smoke|regression,post|cookie_dependent|json_body
get_video_to_product_stats_api_v1_tiktok_creator_get_video_to_product_stats_post,tiktok.creator.get_video_to_product_stats,skill-tikhub-global-social,post,/api/v1/tiktok/creator/get_video_to_product_stats,tiktok,creator,unit|contract|integration|live_smoke|regression,post|cookie_dependent|json_body
health_check_api_v1_health_check_get,health.root.check,skill-tikhub-core,get,/api/v1/health/check,health,root,unit|contract|integration|live_smoke|regression,no_auth|nonstandard_response|no_422_declared
like_api_v1_tiktok_interaction_like_post,tiktok.interaction.like,skill-tikhub-global-social,post,/api/v1/tiktok/interaction/like,tiktok,interaction,unit|contract|integration|live_smoke|regression,post|cookie_dependent|special_runtime_policy|json_body
post_comment_api_v1_tiktok_interaction_post_comment_post,tiktok.interaction.post_comment,skill-tikhub-global-social,post,/api/v1/tiktok/interaction/post_comment,tiktok,interaction,unit|contract|integration|live_smoke|regression,post|cookie_dependent|special_runtime_policy|json_body
redirect_download_api_v1_tikhub_downloader_redirect_download_get,tikhub.downloader.redirect_download,skill-tikhub-core,get,/api/v1/tikhub/downloader/redirect_download,tikhub,downloader,unit|contract|integration|live_smoke|regression,no_auth|nonstandard_response|no_422_declared
reply_comment_api_v1_tiktok_interaction_reply_comment_post,tiktok.interaction.reply_comment,skill-tikhub-global-social,post,/api/v1/tiktok/interaction/reply_comment,tiktok,interaction,unit|contract|integration|live_smoke|regression,post|cookie_dependent|special_runtime_policy|json_body
sign_api_v1_xiaohongshu_web_sign_post,xiaohongshu.web.sign,skill-tikhub-douyin-family,post,/api/v1/xiaohongshu/web/sign,xiaohongshu,web,unit|contract|integration|live_smoke|regression,post|cookie_dependent|json_body
update_check_api_v1_tikhub_downloader_version_get,tikhub.downloader.version,skill-tikhub-core,get,/api/v1/tikhub/downloader/version,tikhub,downloader,unit|contract|integration|live_smoke|regression,no_auth|nonstandard_response|no_422_declared
upload_image_api_v1_sora2_upload_image_post,sora2.root.upload_image,skill-tikhub-experimental,post,/api/v1/sora2/upload_image,sora2,root,unit|contract|integration|live_smoke|regression,post|special_runtime_policy|multipart
